{"cameraMode":{"drawMode":0,"name":"Shaded","section":"Shading Mode"},"sceneLighting":true,"audioPlay":false,"sceneViewState":{"m_AlwaysRefresh":false,"showFog":true,"showSkybox":true,"showFlares":true,"showImageEffects":true,"showParticleSystems":true,"showVisualEffectGraphs":true,"m_FxEnabled":true},"in2DMode":false,"pivot":{"x":3.574220657348633,"y":-5.6977386474609379,"z":10.651549339294434},"rotation":{"x":0.22709542512893678,"y":0.05385756492614746,"z":-0.012586724944412709,"w":0.9723145365715027},"size":12.461819648742676,"orthographic":false}